lang,precision,n,trunc_%,repeat,same_as_q4_0_%,fixed/broke,p_vs_q4_0
bn,f16,100,4.0,0.22402157866036895,0.0,,
bn,q4_0,100,17.0,0.31283873652589717,100.0,,
bn,q4_0_im_lowres,100,15.0,0.2920387974420604,0.0,11/9,0.8238029479980469
bn,q4_0_im_flores_s,100,14.0,0.27104074724720073,0.0,12/9,0.6636238098144531
bn,q4_0_im_aya_s,100,11.0,0.31072124307706245,0.0,13/7,0.26317596435546875
jv,f16,100,7.0,0.1765771162784521,1.0,,
jv,q4_0,100,19.0,0.28095073796722775,100.0,,
jv,q4_0_im_lowres,100,15.0,0.25528559552313124,0.0,14/10,0.5412561893463135
jv,q4_0_im_flores_s,100,21.0,0.29899541262973,1.0,13/15,0.8505540192127228
jv,q4_0_im_aya_s,100,14.0,0.24959754533314438,0.0,11/6,0.332305908203125
th,f16,100,7.0,0.15397512049841577,1.0,,
th,q4_0,100,16.0,0.22750264617910415,100.0,,
th,q4_0_im_lowres,100,12.0,0.17492929221177142,0.0,11/7,0.480682373046875
th,q4_0_im_flores_s,100,13.0,0.2079522654411328,0.0,11/8,0.6476058959960938
th,q4_0_im_aya_s,100,12.0,0.17500759900435248,0.0,12/8,0.5034446716308594
bn+jv+th,f16,300,6.0,0.18485793847907894,0.6666666666666666,,
bn+jv+th,q4_0,300,17.333333333333332,0.27376404022407635,100.0,,
bn+jv+th,q4_0_im_lowres,300,14.0,0.24075122839232102,0.0,36/26,0.2528543941881108
bn+jv+th,q4_0_im_flores_s,300,16.0,0.25932947510602117,0.3333333333333333,36/32,0.7163007601543369
bn+jv+th,q4_0_im_aya_s,300,12.333333333333334,0.2451087958048531,0.0,36/21,0.0627366803558285
en,f16,100,0.0,0.02128041615310262,3.0,,
en,q4_0,100,0.0,0.01830892644963412,100.0,,
en,q4_0_im_lowres,100,0.0,0.019581210726218417,9.0,0/0,1.0
en,q4_0_im_flores_s,100,0.0,0.02280645761491333,8.0,0/0,1.0
en,q4_0_im_aya_s,100,1.0,0.02892102911642599,7.0,0/1,1.0
